-- phpMyAdmin SQL Dump
-- version 5.0.1
-- https://www.phpmyadmin.net/
--
-- Máy chủ: 127.0.0.1
-- Thời gian đã tạo: Th1 04, 2021 lúc 12:58 PM
-- Phiên bản máy phục vụ: 10.4.11-MariaDB
-- Phiên bản PHP: 7.4.3

SET SQL_MODE = "NO_AUTO_VALUE_ON_ZERO";
SET AUTOCOMMIT = 0;
START TRANSACTION;
SET time_zone = "+00:00";


/*!40101 SET @OLD_CHARACTER_SET_CLIENT=@@CHARACTER_SET_CLIENT */;
/*!40101 SET @OLD_CHARACTER_SET_RESULTS=@@CHARACTER_SET_RESULTS */;
/*!40101 SET @OLD_COLLATION_CONNECTION=@@COLLATION_CONNECTION */;
/*!40101 SET NAMES utf8mb4 */;

--
-- Cơ sở dữ liệu: `tintuc`
--

-- --------------------------------------------------------

--
-- Cấu trúc bảng cho bảng `theloai`
--

CREATE TABLE `theloai` (
  `MaTL` int(10) NOT NULL,
  `TenTL` varchar(150) DEFAULT NULL,
  `MoTa` text DEFAULT NULL,
  `NgayTao` timestamp NULL DEFAULT current_timestamp(),
  `NgayCapNhat` timestamp NULL DEFAULT NULL ON UPDATE current_timestamp(),
  `IsActivate` int(1) DEFAULT NULL
) ENGINE=InnoDB DEFAULT CHARSET=utf8;

--
-- Đang đổ dữ liệu cho bảng `theloai`
--

INSERT INTO `theloai` (`MaTL`, `TenTL`, `MoTa`, `NgayTao`, `NgayCapNhat`, `IsActivate`) VALUES
(2, 'Thời sự', NULL, '2020-12-22 04:19:00', '2020-12-22 17:07:43', 1),
(3, 'Khoa học', NULL, '2020-12-22 04:19:00', '2020-12-22 17:07:43', 1),
(4, 'Công nghệ', NULL, '2020-12-22 04:19:00', '2020-12-22 17:07:44', 1),
(5, 'Giải trí', NULL, '2020-12-22 04:19:00', '2020-12-22 17:07:54', 1),
(10, 'Thể Thao', 'NULL', '2020-12-30 03:55:05', NULL, 1);

-- --------------------------------------------------------

--
-- Cấu trúc bảng cho bảng `tintuc`
--

CREATE TABLE `tintuc` (
  `MaTinTuc` int(11) NOT NULL,
  `TieuDe` longtext DEFAULT NULL,
  `MaTL` int(11) DEFAULT NULL,
  `NoiDung` longtext DEFAULT NULL,
  `Anh` varchar(255) DEFAULT NULL,
  `NgayDang` timestamp NULL DEFAULT current_timestamp(),
  `NgayCapNhat` timestamp NULL DEFAULT NULL ON UPDATE current_timestamp(),
  `IsActivate` int(1) DEFAULT NULL,
  `MoTa` longtext DEFAULT NULL,
  `url` longtext DEFAULT NULL
) ENGINE=InnoDB DEFAULT CHARSET=utf8;

--
-- Đang đổ dữ liệu cho bảng `tintuc`
--

INSERT INTO `tintuc` (`MaTinTuc`, `TieuDe`, `MaTL`, `NoiDung`, `Anh`, `NgayDang`, `NgayCapNhat`, `IsActivate`, `MoTa`, `url`) VALUES
(4, 'MU đá 1 tuần 3 trận, Solskjaer không dám cho Bruno Fernandes nghỉ ngơi', 1, '<p style=\"margin-right: 0px; margin-bottom: 10px; margin-left: 0px; padding: 0px; min-height: 10px; color: rgb(49, 49, 49); font-family: Arial, &quot;Helvetica Neue&quot;, Helvetica, sans-serif; text-align: justify;\">Ở vòng 16 Ngoại Hạng Anh, Man Utd sẽ đối đầu với Wolverhampton trên sân nhà. Đội chủ sân Old Trafford hiện đang đứng thứ tư trên bảng xếp hạng, kém đội đầu bảng Liverpool 5 điểm nhưng thi đấu ít hơn 1 trận. Lợi thế của Quỷ đỏ là được chơi 4 trận liên tiếp trên sân nhà.</p><p style=\"margin-right: 0px; margin-bottom: 10px; margin-left: 0px; padding: 0px; min-height: 10px; color: rgb(49, 49, 49); font-family: Arial, &quot;Helvetica Neue&quot;, Helvetica, sans-serif; text-align: justify;\">Kết quả thi đấu của Man Utd ở Old Trafford những vòng gần đây đã được cải thiện. Họ thắng 2 trận, hòa 1 trận trong 3 lần gần nhất tiếp đón các đối thủ ở Ngoại Hạng Anh.</p><p style=\"margin-right: 0px; margin-bottom: 10px; margin-left: 0px; padding: 0px; min-height: 10px; color: rgb(49, 49, 49); font-family: Arial, &quot;Helvetica Neue&quot;, Helvetica, sans-serif; text-align: justify;\"><em style=\"margin: 0px; padding: 0px;\">\"Chúng tôi đang làm tốt ở sân khách. Sắp tới là giai đoạn không phải di chuyển, nhiều thời gian hồi phục hơn. Chúng tôi phải sẵn sàng\",</em>&nbsp;HLV Solskjaer nói.</p>', 'a953d8285cf22b77f9e7ae125e60715c.jpg', '2020-12-30 03:09:03', '2020-12-30 03:18:38', 0, '(VTC News) - HLV Ole Gunnar Solskjaer cho biết ông có thể cho những trụ cột như Bruno Fernandes nghỉ ngơi nhưng không phải trong giai đoạn này.', 'mu-da-1-tuan-3-tran-solskjaer-khong-dam-cho-bruno-fernandes-nghi-ngoi'),
(5, 'Những hãng điện thoại nào sẽ không bán máy kèm sạc trong năm tới?', 3, '<p style=\"margin-right: 0px; margin-bottom: 10px; margin-left: 0px; padding: 0px; min-height: 10px; color: rgb(49, 49, 49); font-family: Arial, &quot;Helvetica Neue&quot;, Helvetica, sans-serif; text-align: justify;\">Với Apple, hãng này giải thích việc không bán kèm củ sạc trong máy là hành động để bảo vệ môi trường. Lượng rác thải điện tử trên thế giới đang tăng lên, trong khi người dùng vẫn có thể sử dụng bộ sạc cũ với mẫu iPhone mới.</p><p style=\"margin-right: 0px; margin-bottom: 10px; margin-left: 0px; padding: 0px; min-height: 10px; color: rgb(49, 49, 49); font-family: Arial, &quot;Helvetica Neue&quot;, Helvetica, sans-serif; text-align: justify;\">Tuy nhiên nếu muốn sạc nhanh cho iPhone, người dùng phải mua thêm bộ sạc bên ngoài và Apple có bán với giá 19 USD. Đây có thể là khoản lợi không nhỏ cho nhà sản xuất trong tương lai.</p><p style=\"margin-right: 0px; margin-bottom: 10px; margin-left: 0px; padding: 0px; min-height: 10px; color: rgb(49, 49, 49); font-family: Arial, &quot;Helvetica Neue&quot;, Helvetica, sans-serif; text-align: justify;\">Ngay sau sự kiện ra mắt iPhone 12, hàng loạt nhà sản xuất trên thế giới đăng lên mạng xã hội nhưng bài post, video \"châm biếm” Apple. Tất cả đều đưa ra thông điệp: Người dùng hãy yên tâm, hãng vẫn bán kèm sạc điện thoại cho khách.</p><p style=\"margin-right: 0px; margin-bottom: 10px; margin-left: 0px; padding: 0px; min-height: 10px; color: rgb(49, 49, 49); font-family: Arial, &quot;Helvetica Neue&quot;, Helvetica, sans-serif; text-align: justify;\">Nhưng mới đây, nhiều nhà sản xuất smartphone trên thế giới \"nghĩ lại\". Gần đây nhất là Xiaomi, CEO của hàng đăng lên Weibo của mình rằng: “<em style=\"margin: 0px; padding: 0px;\">Hiện mọi người có rất nhiều bộ sạc cho điện thoại và điều này sẽ tạo ra gánh nặng cho môi trường và hãng sẽ bỏ cục sạc khi bán máy Mi11\".</em></p>', 'c7c154cf4ae4ad67519777f56c880d2e.png', '2020-12-30 03:10:41', NULL, 1, '(VTC News) - Năm qua Apple trở thành nhà sản xuất đầu tiên mở ra xu hướng bán điện thoại nhưng không có sẵn sạc, dự kiến năm tới, nhiều hãng cũng sẽ làm theo cách này.', 'nhung-hang-dien-thoai-nao-se-khong-ban-may-kem-sac-trong-nam-toi'),
(6, 'Xem Youtube mượt mà hơn với ứng dụng Vanced Tuber ', 3, '<p style=\"margin-right: 0px; margin-bottom: 10px; margin-left: 0px; padding: 0px; min-height: 10px; color: rgb(49, 49, 49); font-family: Arial, &quot;Helvetica Neue&quot;, Helvetica, sans-serif; text-align: justify;\"><strong style=\"margin: 0px; padding: 0px;\">Giải pháp không bị làm phiền bởi quảng cáo?</strong></p><p style=\"margin-right: 0px; margin-bottom: 10px; margin-left: 0px; padding: 0px; min-height: 10px; color: rgb(49, 49, 49); font-family: Arial, &quot;Helvetica Neue&quot;, Helvetica, sans-serif; text-align: justify;\">Thực tế, Youtube đã có phiên bản Youtube Premium (trả phí) hoàn toàn có thể phục vụ được nhu cầu xem Youtube mà không lo quảng cáo. Nhưng Youtube Premium hiện nay vẫn chưa được phát hành chính thức tại Việt Nam, người xem cũng chỉ có thể mua tài khoản Premium thông qua một bên thứ 3.</p><p style=\"margin-right: 0px; margin-bottom: 10px; margin-left: 0px; padding: 0px; min-height: 10px; color: rgb(49, 49, 49); font-family: Arial, &quot;Helvetica Neue&quot;, Helvetica, sans-serif; text-align: justify;\">Thay vào đó, những công cụ ad block (chặn quảng cáo) đang dần được người dùng tìm kiếm để giúp họ giải quyết được triệt để sự khó chị này. Hiện nay có nhiều ứng dụng YouTube ad block, nhưng đồng thời có thể cho phép người dùng bạn có thể trải nghiệm trọn vẹn hơn các chương trình Youtube, kể cả tải về thiết bị của bạn để xem lại.</p><p style=\"margin-right: 0px; margin-bottom: 10px; margin-left: 0px; padding: 0px; min-height: 10px; color: rgb(49, 49, 49); font-family: Arial, &quot;Helvetica Neue&quot;, Helvetica, sans-serif; text-align: justify;\"><strong style=\"margin: 0px; padding: 0px;\">Xem video Youtube mà không lo quảng cáo</strong></p><p style=\"margin-right: 0px; margin-bottom: 10px; margin-left: 0px; padding: 0px; min-height: 10px; color: rgb(49, 49, 49); font-family: Arial, &quot;Helvetica Neue&quot;, Helvetica, sans-serif; text-align: justify;\">Vanced Tuber từ lâu đã không còn xa lạ gì đối với người xem xem Youtube vì những tính năng ưu việt. Theo đánh giá của người dùng thì Vanced Tuber không chỉ đơn thuần là một công cụ chặn quảng cáo thông thường mà nó còn tích hợp thêm những chức năng nâng cao khác để có thể tối ưu hóa trải nghiệm khi xem Youtube của người dùng hơn.</p><p style=\"margin-right: 0px; margin-bottom: 10px; margin-left: 0px; padding: 0px; min-height: 10px; color: rgb(49, 49, 49); font-family: Arial, &quot;Helvetica Neue&quot;, Helvetica, sans-serif; text-align: justify;\"><strong style=\"margin: 0px; padding: 0px;\">Chặn hoàn toàn quảng cáo khi xem Youtube</strong></p><p style=\"margin-right: 0px; margin-bottom: 10px; margin-left: 0px; padding: 0px; min-height: 10px; color: rgb(49, 49, 49); font-family: Arial, &quot;Helvetica Neue&quot;, Helvetica, sans-serif; text-align: justify;\">Tính năng phổ biến nhất đó chính là Vanced Tuber có thể chặn quảng cáo hoàn toàn. Với ứng dụng này, bạn sẽ không cần phải lo lắng vì những quảng cáo Youtube xuất hiện sẽ làm phiền bạn nữa.</p><p style=\"margin-right: 0px; margin-bottom: 10px; margin-left: 0px; padding: 0px; min-height: 10px; color: rgb(49, 49, 49); font-family: Arial, &quot;Helvetica Neue&quot;, Helvetica, sans-serif; text-align: justify;\">Vanced Tuber chặn quảng cáo hoàn toàn ở các vị trí khác nhau, thậm chí là những quảng cáo Pop-up. Tính năng này giúp cho người xem có thể tập trung vào nội dung chính của video mà không bị phân tán bởi các quảng cáo xuất hiện trên Youtube.</p>', '9a0bf66c09c19233c0daf83d9bfeb7ea.jpg', '2020-12-30 03:16:42', NULL, 1, 'Xem Youtube mượt mà hơn với ứng dụng Vanced Tuber ', 'xem-youtube-muot-ma-hon-voi-ung-dung-vanced-tuber'),
(7, 'Nhìn lại những ‘bom tấn’ và ‘bom xịt’ của Samsung trong năm qua', 3, '<p style=\"margin-right: 0px; margin-bottom: 10px; margin-left: 0px; padding: 0px; min-height: 10px; color: rgb(49, 49, 49); font-family: Arial, &quot;Helvetica Neue&quot;, Helvetica, sans-serif; text-align: justify;\"><strong style=\"margin: 0px; padding: 0px;\">Thất bại: Galaxy S20 Ultra</strong></p><p style=\"margin-right: 0px; margin-bottom: 10px; margin-left: 0px; padding: 0px; min-height: 10px; color: rgb(49, 49, 49); font-family: Arial, &quot;Helvetica Neue&quot;, Helvetica, sans-serif; text-align: justify;\">Về thông số kỹ thuật, chiếc Galaxy S20 Ultra được coi là có khả năng chụp ảnh tốt hơn cả Note 20 Ultra vì có camera sau 108 MP, ống kính zoom quang học chất lượng cao.</p><p style=\"margin-right: 0px; margin-bottom: 10px; margin-left: 0px; padding: 0px; min-height: 10px; color: rgb(49, 49, 49); font-family: Arial, &quot;Helvetica Neue&quot;, Helvetica, sans-serif; text-align: justify;\">Nhưng khi mới ra mắt hồi tháng 3, chiếc điện thoại này lại bị coi là không hấp dẫn vì giá quá đắt. Trong khi đó camera chính gặp hiện tượng khó lấy nét khi chụp ảnh. Pin dung lượng 5.000 mAh nhưng hiệu năng sử dụng vẫn thấp.</p><p style=\"margin-right: 0px; margin-bottom: 10px; margin-left: 0px; padding: 0px; min-height: 10px; color: rgb(49, 49, 49); font-family: Arial, &quot;Helvetica Neue&quot;, Helvetica, sans-serif; text-align: justify;\">Tới thời điểm này, Samsung đã giảm giá cho chiếc máy này, đồng thời đưa ra bản cập nhật để máy có Android 11, giao diện OneUI 3.0 và camera đã hoạt động được hoàn hảo.</p><p style=\"margin-right: 0px; margin-bottom: 10px; margin-left: 0px; padding: 0px; min-height: 10px; color: rgb(49, 49, 49); font-family: Arial, &quot;Helvetica Neue&quot;, Helvetica, sans-serif; text-align: justify;\"><strong style=\"margin: 0px; padding: 0px;\">Thành công: Galaxy Note 20 Ultra</strong></p><p style=\"margin-right: 0px; margin-bottom: 10px; margin-left: 0px; padding: 0px; min-height: 10px; color: rgb(49, 49, 49); font-family: Arial, &quot;Helvetica Neue&quot;, Helvetica, sans-serif; text-align: justify;\">Khi phát triển Note 20 Ultra, Samsung đã học được nhiều bài học và khắc phục tất cả các vấn đề của chiếc điện thoại trước đó. Ngoài ra đây còn là mẫu điện thoại đầu tiên Samsung đưa vào công nghệ màn hình LTPO. Công nghệ màn hình này có sẽ giúp pin có thể hoạt động lâu hơn.</p><p style=\"margin-right: 0px; margin-bottom: 10px; margin-left: 0px; padding: 0px; min-height: 10px; color: rgb(49, 49, 49); font-family: Arial, &quot;Helvetica Neue&quot;, Helvetica, sans-serif; text-align: justify;\">Bên cạnh đó bút SPen thế hệ mới cũng có thể tạo ra phản hồi như viết lên giấy. Tuy nhiên bây giờ chưa phải là thời điểm tốt để mua Note 20 Ultra vì giá máy vẫn còn cao. Trong khi chỉ 1 tháng nữa S21 sẽ ra mắt và Note 20 Ultra sẽ điều chỉnh giá.</p><p style=\"margin-right: 0px; margin-bottom: 10px; margin-left: 0px; padding: 0px; min-height: 10px; color: rgb(49, 49, 49); font-family: Arial, &quot;Helvetica Neue&quot;, Helvetica, sans-serif; text-align: justify;\"><strong style=\"margin: 0px; padding: 0px;\">Thất bại: Galaxy Note 20</strong></p><p style=\"margin-right: 0px; margin-bottom: 10px; margin-left: 0px; padding: 0px; min-height: 10px; color: rgb(49, 49, 49); font-family: Arial, &quot;Helvetica Neue&quot;, Helvetica, sans-serif; text-align: justify;\">Chiếc Note 20 phiên bản thường thua kém Note 20 Ultra khá nhiều, cụ thể ở màn hình, camera. Nhưng mức giá của máy lại không chênh lệch quá nhiều so với bản Ultra. Thậm chí Note 20 5G khi mới ra mắt còn có giá tới gần 33 triệu đồng ở Việt Nam. Ở thị trường quốc tế, không nhiều khách hàng chấp nhận mức giá này.</p><p style=\"margin-right: 0px; margin-bottom: 10px; margin-left: 0px; padding: 0px; min-height: 10px; color: rgb(49, 49, 49); font-family: Arial, &quot;Helvetica Neue&quot;, Helvetica, sans-serif; text-align: justify;\"><strong style=\"margin: 0px; padding: 0px;\"></strong></p><p style=\"margin-right: 0px; margin-bottom: 10px; margin-left: 0px; padding: 0px; min-height: 10px; color: rgb(49, 49, 49); font-family: Arial, &quot;Helvetica Neue&quot;, Helvetica, sans-serif; text-align: justify;\">Nhưng giống như thất bại đầu tiên, Note 20 lúc này đã giảm giá ở thị trường quốc tế xuống mức dễ chấp nhận hơn. Nếu người dùng không cần màn hình có tốc độ quét cao thì đây sẽ là lựa chọn hợp lý vì pin của máy rất tốt.</p>', '2cb6f23d35d954f22e55354d1a50a009.jpg', '2020-12-30 03:18:04', NULL, 1, '(VTC News) - 2020 là năm mà Samsung vừa tạo được nhiều thành công và cũng nhận không ít thất bại trên thị trường di động.', 'nhin-lai-nhung-bom-tan-va-bom-xit-cua-samsung-trong-nam-qua'),
(8, 'Xe chở 8 người Trung Quốc nghi nhập cảnh trái phép: Bí thư Phú Yên chỉ đạo khẩn', 2, '<p style=\"margin-right: 0px; margin-bottom: 10px; margin-left: 0px; padding: 0px; min-height: 10px; color: rgb(49, 49, 49); font-family: Arial, &quot;Helvetica Neue&quot;, Helvetica, sans-serif; text-align: justify;\">Liên quan đến vụ phát hiện 8 người&nbsp;<a href=\"https://vtc.vn/phat-hien-8-nguoi-trung-quoc-tren-xe-khach-bien-so-tp-hcm-ar587812.html\" style=\"margin: 0px; padding: 0px; color: rgb(10, 93, 202); outline: none; display: inline; transition-duration: 150ms;\">Trung Quốc</a>&nbsp;trên xe khách biển số TP.HCM, chiều 29/12, trả lời VTC News, Bí thư tỉnh Phú Yên - ông Phạm Đại Dương cho biết, đã chỉ đạo cơ quan công an tỉnh rà soát, thông báo toàn quốc và truy tìm một người Trung Quốc vừa bỏ trốn.&nbsp;</p><p style=\"margin-right: 0px; margin-bottom: 10px; margin-left: 0px; padding: 0px; min-height: 10px; color: rgb(49, 49, 49); font-family: Arial, &quot;Helvetica Neue&quot;, Helvetica, sans-serif; text-align: justify;\">\"<em style=\"margin: 0px; padding: 0px;\">Chúng tôi đã phát thông báo toàn quốc về việc người Trung Quốc nghi nhập cảnh trái phép đi xe khách từ TP.HCM về Phú Yên vừa bị phát hiện. Đồng thời, công an tỉnh yêu cầu các đơn vị khác tại huyện, xã... tích cực tìm kiếm người này, để xử lý. Bên cạnh đó, ngành Y tế tiếp tục triển khai công tác phòng chống dịch COVID-19</em>\", ông Dương nói.</p><p style=\"margin-right: 0px; margin-bottom: 10px; margin-left: 0px; padding: 0px; min-height: 10px; color: rgb(49, 49, 49); font-family: Arial, &quot;Helvetica Neue&quot;, Helvetica, sans-serif; text-align: justify;\">Ngày 28/12, bà Nguyễn Thị Mộng Ngọc - Giám đốc Sở Y tế Phú Yên cho biết, ngành Y tế tỉnh này đã lấy mẫu xét nghiệm COVID-19 của 16 người trên xe khách, trong đó có 8 người Trung Quốc đều có kết quả là âm tính SARS-CoV-2.</p><p style=\"margin-right: 0px; margin-bottom: 10px; margin-left: 0px; padding: 0px; min-height: 10px; color: rgb(49, 49, 49); font-family: Arial, &quot;Helvetica Neue&quot;, Helvetica, sans-serif; text-align: justify;\">\"<em style=\"margin: 0px; padding: 0px;\">Hiện, những người trên đang được đưa đi cách ly tại khu cách ly của tỉnh. Đồng thời, ngành Y tế tỉnh cũng tiếp tục theo dõi, nắm tình hình sức khỏe của những vị khách đi trên chuyến xe trên. Về việc một người Trung Quốc bỏ trốn thì cơ quan chức năng vẫn đang tìm kiếm để đưa cách ly, xử l</em>ý\" - bà Ngọc cho hay.</p>', '01404d1fe58a20c9127756462267e001.jpg', '2020-12-30 03:44:40', NULL, 1, '(VTC News) - Bí thư tỉnh Phú Yên chỉ đạo các đơn vị liên quan khẩn trương rà soát để tìm kiếm một người Trung Quốc nghi nhập cảnh trái phép đã bỏ trốn.', 'xe-cho-8-nguoi-trung-quoc-nghi-nhap-canh-trai-phep-bi-thu-phu-yen-chi-dao-khan'),
(9, 'Tết Dương lịch, vùng núi cao có thể xuất hiện băng giá', 2, '<p style=\"margin-right: 0px; margin-bottom: 10px; margin-left: 0px; padding: 0px; min-height: 10px; color: rgb(49, 49, 49); font-family: Arial, &quot;Helvetica Neue&quot;, Helvetica, sans-serif; text-align: justify;\">Thông tin trên được đưa ra chiều 29/12 tại cuộc họp của Trung tâm Dự báo KTTV Quốc gia thông tin cho báo chí về đợt&nbsp;<a href=\"https://vtc.vn/khong-khi-lanh-manh-tran-ve-bac-bo-co-noi-duoi-0-do-c-nam-bo-chuyen-lanh-ar587804.html\" target=\"_blank\" rel=\"noopener\" style=\"margin: 0px; padding: 0px; color: rgb(10, 93, 202); outline: none; display: inline; transition-duration: 150ms;\">không khí lạnh</a>&nbsp;đặc biệt trong thời gian tới.</p><p style=\"margin-right: 0px; margin-bottom: 10px; margin-left: 0px; padding: 0px; min-height: 10px; color: rgb(49, 49, 49); font-family: Arial, &quot;Helvetica Neue&quot;, Helvetica, sans-serif; text-align: justify;\"><strong style=\"margin: 0px; padding: 0px;\">Không khí lạnh rất mạnh đến từ đêm 29/12</strong></p><p style=\"margin-right: 0px; margin-bottom: 10px; margin-left: 0px; padding: 0px; min-height: 10px; color: rgb(49, 49, 49); font-family: Arial, &quot;Helvetica Neue&quot;, Helvetica, sans-serif; text-align: justify;\">Ông Nguyễn Hữu Thành, Phó trưởng phòng Dự báo Thời tiết, Trung tâm Dự báo KTTV quốc gia cho biết tại cuộc họp: “<em style=\"margin: 0px; padding: 0px;\">Ngay lúc này, đợt không khí lạnh đã ở sát biên giới phía Bắc nước ta. Từ chiều tối 29/12, bộ phận không khí lạnh rất mạnh này sẽ ảnh hưởng đến vùng núi Bắc Bộ, t</em><em style=\"margin: 0px; padding: 0px;\">ối và đêm nay sẽ ảnh hưởng đến các nơi khác ở Bắc Bộ và Bắc Trung Bộ.</em></p><p style=\"margin-right: 0px; margin-bottom: 10px; margin-left: 0px; padding: 0px; min-height: 10px; color: rgb(49, 49, 49); font-family: Arial, &quot;Helvetica Neue&quot;, Helvetica, sans-serif; text-align: justify;\"><em style=\"margin: 0px; padding: 0px;\">Ngày mai, 30/12, nó ảnh hưởng đến Trung Trung Bộ, Nam Trung Bộ. Sau đó, ngày 31/12 không khí lạnh còn có tác động đến Tây Nguyên và Nam Bộ”.</em></p><div><em style=\"margin: 0px; padding: 0px;\"><p style=\"margin-right: 0px; margin-bottom: 10px; margin-left: 0px; padding: 0px; min-height: 10px; color: rgb(49, 49, 49); font-family: Arial, &quot;Helvetica Neue&quot;, Helvetica, sans-serif; font-style: normal; text-align: justify;\">Dự báo, đợt&nbsp;<a href=\"https://vtc.vn/mien-bac-ret-dam-ret-hai-co-noi-duoi-0-do-c-ar587561.html\" target=\"_blank\" rel=\"noopener\" style=\"margin: 0px; padding: 0px; color: rgb(10, 93, 202); outline: none; display: inline; transition-duration: 150ms;\">rét đậm, rét hại</a>&nbsp;tại miền Bắc sẽ kéo dài tới ngày 2/1.&nbsp;<em style=\"margin: 0px; padding: 0px;\">\"Đợt không khí lạnh này không chỉ gây giảm nhiệt mạnh trên đất liền, gây ra rét đậm, rét hại với nguy cơ cao xảy ra băng giá ở các vùng núi cao mà còn gây gió rất mạnh trên đất liền cũng ở các vùng biển nước ta</em>\", ông Thành cảnh báo.</p><p style=\"margin-right: 0px; margin-bottom: 10px; margin-left: 0px; padding: 0px; min-height: 10px; color: rgb(49, 49, 49); font-family: Arial, &quot;Helvetica Neue&quot;, Helvetica, sans-serif; font-style: normal; text-align: justify;\">Từ tối và đêm 29/12, gió chuyển hướng đông bắc trong đất liền ở các tỉnh Bắc Bộ, Trung Bộ cấp 5, vùng ven biển cấp 6, có nơi giật trên cấp 7.</p><p style=\"margin-right: 0px; margin-bottom: 10px; margin-left: 0px; padding: 0px; min-height: 10px; color: rgb(49, 49, 49); font-family: Arial, &quot;Helvetica Neue&quot;, Helvetica, sans-serif; font-style: normal; text-align: justify;\">Từ đêm 29/12 đến ngày 1/1/2021, ở vịnh Bắc Bộ (bao gồm cả huyện đảo Bạch Long Vĩ), gió chuyển hướng đông bắc mạnh cấp 7-8, giật cấp 10; vùng biển Trung Bộ, Nam Bộ gió đông bắc mạnh cấp 7, có lúc cấp 8, giật cấp 10, biển động mạnh, sóng biển cao từ 3,5-5,5m.</p></em></div>', 'c3b79828e78c3f86176dc4f4a840a081.jpg', '2020-12-30 03:45:54', NULL, 1, '(VTC News) - Chuyên gia Nguyễn Hữu Thành cho biết, đợt rét dịp Tết Dương lịch năm nay có thể so với đợt rét kỷ lục năm 2016, vùng núi cao Bắc Bộ khả năng có băng giá.', 'tet-duong-lich-vung-nui-cao-co-the-xuat-hien-bang-gia'),
(10, 'Xử lý mùi của bãi rác Nam Sơn, Hà Nội bằng công nghệ nano Nhật Bản', 2, '<p style=\"margin-right: 0px; margin-bottom: 10px; margin-left: 0px; padding: 0px; min-height: 10px; color: rgb(49, 49, 49); font-family: Arial, &quot;Helvetica Neue&quot;, Helvetica, sans-serif; text-align: justify;\">Chiều 29/12, trả lời VTC News, Ông Nguyễn Tuấn Anh, Chủ tịch Công ty JVE Group cho biết, dự án thí điểm xử lý mùi của&nbsp;<a href=\"https://vtc.vn/ha-noi-doi-thoai-voi-nguoi-dan-song-gan-bai-rac-nam-son-ar578034.html\" style=\"margin: 0px; padding: 0px; color: rgb(10, 93, 202); outline: none; display: inline; transition-duration: 150ms;\">bãi rác Nam Sơn</a>&nbsp;đã lắp đặt thiết bị và bắt đầu vận hành tại vị trí được giao (hồ H4) trong Khu Liên hợp xử lý chất thải Nam Sơn ngày 28/12 vừa qua.</p><p style=\"margin-right: 0px; margin-bottom: 10px; margin-left: 0px; padding: 0px; min-height: 10px; color: rgb(49, 49, 49); font-family: Arial, &quot;Helvetica Neue&quot;, Helvetica, sans-serif; text-align: justify;\"><em style=\"margin: 0px; padding: 0px;\">“Để quá trình đánh giá được khách quan, Trung tâm Quy hoạch và Điều tra tài nguyên nước quốc gia – Bộ Tài nguyên và Môi trường là đơn vị đánh giá độc lập về nồng độ mùi trước và sau xử lý trong toàn bộ giai đoạn thí điểm“, ô</em>ng Tuấn Anh nói.&nbsp;</p><p style=\"margin-right: 0px; margin-bottom: 10px; margin-left: 0px; padding: 0px; min-height: 10px; color: rgb(49, 49, 49); font-family: Arial, &quot;Helvetica Neue&quot;, Helvetica, sans-serif; text-align: justify;\">Ông cũng cho hay, nếu xử lý các sông, hồ có độ sâu bình thường như&nbsp;<a href=\"https://vtc.vn/cong-ty-nhat-ban-tu-bo-viec-xu-ly-o-nhiem-song-to-lich-ar552603.html\" style=\"margin: 0px; padding: 0px; color: rgb(10, 93, 202); outline: none; display: inline; transition-duration: 150ms;\">sông Tô Lịch</a>, Hồ Tây, máy sục khí nano sẽ được đặt chìm dưới nước để không ảnh hưởng đến cảnh quan. Tuy nhiên, hồ chứa nước rỉ rác Nam Sơn sâu 6m nên bắt buộc phải dùng phao nổi để đặt máy.&nbsp;</p><p style=\"margin-right: 0px; margin-bottom: 10px; margin-left: 0px; padding: 0px; min-height: 10px; color: rgb(49, 49, 49); font-family: Arial, &quot;Helvetica Neue&quot;, Helvetica, sans-serif; text-align: justify;\"><em style=\"margin: 0px; padding: 0px;\">\"Đơn vị đánh giá độc lập của Bộ Tài nguyên và Môi trường đo mùi định lượng bằng thiết bị của Nhật Bản, cho thấy chỉ số là 999, vượt cả ngưỡng đo của thiết bị\"</em>&nbsp;, ông Tuấn Anh nói.</p>', '2228aee48d5fdfca2fa757a95399a488.jpg', '2020-12-30 03:48:36', NULL, 1, '(VTC News) - Khu thí điểm xử lý mùi hôi thối của bãi rác Nam Sơn (Hà Nội) vừa được lắp đặt với công nghệ sục khí bio-nano Nhật Bản, từng áp dụng cho sông Tô Lịch.', 'xu-ly-mui-cua-bai-rac-nam-son-ha-noi-bang-cong-nghe-nano-nhat-ban'),
(11, 'MAN UTD VÔ ĐỊCH PREMIER LEAGUE NỔI KHÔNG?', 10, '<p style=\"text-rendering: geometricprecision; outline: 0px; -webkit-font-smoothing: antialiased; margin-top: 18px; margin-bottom: 18px; padding: 0px; border: 0px; font-size: 17.6px; vertical-align: baseline; background-image: initial; background-position: initial; background-size: initial; background-repeat: initial; background-attachment: initial; background-origin: initial; background-clip: initial; text-size-adjust: 100%; max-width: 660px; float: none; width: 660px; color: rgb(51, 51, 51); font-family: &quot;Noto Serif&quot;, serif; margin-right: auto !important; margin-left: auto !important;\">0 ngày cuối cùng của năm với Man Utd là 30 ngày nghịch lý. Có 2 Man Utd tồn tại ở đó. Một Man Utd thất bại, ngờ nghệch, vô định hướng ở Champions League và một Man Utd bất bại ở Premier League. 6 trận Premier League trong tháng 12 đầy khắc nghiệt, họ lấy được 14 điểm, ghi 15 bàn với sự lập công của 8 cầu thủ. Đó là một con số ấn tượng, con số vốn dĩ chỉ thuộc về những nhà vô địch.</p><p style=\"text-rendering: geometricprecision; outline: 0px; -webkit-font-smoothing: antialiased; margin-top: 18px; margin-bottom: 18px; padding: 0px; border: 0px; font-size: 17.6px; vertical-align: baseline; background-image: initial; background-position: initial; background-size: initial; background-repeat: initial; background-attachment: initial; background-origin: initial; background-clip: initial; text-size-adjust: 100%; max-width: 660px; float: none; width: 660px; color: rgb(51, 51, 51); font-family: &quot;Noto Serif&quot;, serif; margin-right: auto !important; margin-left: auto !important;\">Kỳ lạ thay, họ kết tháng 11 để chuẩn bị cho tháng 12 bằng bàn thắng phút cuối, thì họ cũng kết tháng 12 cùng năm đầy tranh cãi bằng bàn thắng phút cuối. Hai bàn thắng kiểu ấy được người hâm mộ nhắc đến bằng một thuật ngữ cũ là “Fergie’s time”. Và thuật ngữ đó vốn mang hàm ý chơi chữ riêng của nó. Fergie’s time có thể là khoảng thời gian bù giờ mà Man Utd quật khởi của Ferguson thường rất bùng nổ để quyết không thỏa hiệp.</p><p style=\"text-rendering: geometricprecision; outline: 0px; -webkit-font-smoothing: antialiased; margin-top: 18px; margin-bottom: 18px; padding: 0px; border: 0px; font-size: 17.6px; vertical-align: baseline; background-image: initial; background-position: initial; background-size: initial; background-repeat: initial; background-attachment: initial; background-origin: initial; background-clip: initial; text-size-adjust: 100%; max-width: 660px; float: none; width: 660px; color: rgb(51, 51, 51); font-family: &quot;Noto Serif&quot;, serif; margin-right: auto !important; margin-left: auto !important;\">Tuy nhiên, Fergie’s time cũng nên được hiểu là “Thời đại Fergie”. Và ở hai khoảnh khắc ghi bàn của Cavani (trước Southampton) và Rashford (trước Wolverhampton), người ta chỉ thấy được một nửa. Đó là vế đầu. Còn thời đại của Fergie thì đã vĩnh viễn ra đi, không bao giờ trở lại.</p><p style=\"text-rendering: geometricprecision; outline: 0px; -webkit-font-smoothing: antialiased; margin-top: 18px; margin-bottom: 18px; padding: 0px; border: 0px; font-size: 17.6px; vertical-align: baseline; background-image: initial; background-position: initial; background-size: initial; background-repeat: initial; background-attachment: initial; background-origin: initial; background-clip: initial; text-size-adjust: 100%; max-width: 660px; float: none; width: 660px; color: rgb(51, 51, 51); font-family: &quot;Noto Serif&quot;, serif; margin-right: auto !important; margin-left: auto !important;\">Kể cả là sau này, Ole Solskjaer hay bất kỳ HLV nào đi nữa có đưa Man Utd đến mọi vinh quang chói lọi nhất thì cũng không thể còn cái màu sắc của thời đại Fergie ở đó nữa. Dễ hiểu, thời đại Fergie chỉ thuộc về Fergie mà thôi. Ông ra đi, cái tinh thần ấy cũng ra đi theo, nhất là khi các cầu thủ thời của ông cũng dần dần giải nghệ.</p>', '054fb8b67ee6ff89d8b8aa3b91127b5e.jpg', '2020-12-30 08:13:07', NULL, 1, 'Man Utd lên ngôi nhì bảng sau chiến thắng 1-0 trước Wolverhampton ở vòng 16 Premier League để khép lại năm 2020.', 'man-utd-vo-dich-premier-league-noi-khong'),
(12, 'Koeman thừa nhận cửa vô địch của Barca đã rất hẹp', 10, '<p style=\"margin-right: 0px; margin-bottom: 15px; margin-left: 0px; padding: 0px; border: 0px; font-variant-numeric: inherit; font-variant-east-asian: inherit; font-stretch: inherit; font-size: 14px; line-height: 21px; font-family: Arial; vertical-align: baseline; color: rgb(51, 51, 51);\">Phát biểu sau trận Barca bị Eibar thủ hòa với tỷ số 1-1 vào rạng sáng nay (30/12), HLV Koeman thừa nhận: \"Bạn cần phải nhìn vào thực tế, đua tranh danh hiệu La Liga là rất khó khăn.</p><p style=\"margin-right: 0px; margin-bottom: 15px; margin-left: 0px; padding: 0px; border: 0px; font-variant-numeric: inherit; font-variant-east-asian: inherit; font-stretch: inherit; font-size: 14px; line-height: 21px; font-family: Arial; vertical-align: baseline; color: rgb(51, 51, 51);\">Đúng là không có gì là không thể. Nhưng khoảng cách điểm với Atletico lúc này thực sự quá lớn.Atletico đang có phong độ tốt và tỷ lệ chiến thắng rất cao và thủng lưới ít.Mọi chuyện thực sự khó khăn với Barca\".</p><p style=\"margin-right: 0px; margin-bottom: 15px; margin-left: 0px; padding: 0px; border: 0px; font-variant-numeric: inherit; font-variant-east-asian: inherit; font-stretch: inherit; font-size: 14px; line-height: 21px; font-family: Arial; vertical-align: baseline; color: rgb(51, 51, 51);\">Trong cuộc chạm trán Eibar, Barca không có sự phục vụ của Lionel Messi khi Koeman để cho anh nghỉ ngơi và sẽ thi đấu trở lại vào đầu năm mới 2021. Nhưng theo Marca, Messi vẫn có mặt trên khán đài để theo dõi các đồng đội thi đấu.</p><p style=\"margin-right: 0px; margin-bottom: 15px; margin-left: 0px; padding: 0px; border: 0px; font-variant-numeric: inherit; font-variant-east-asian: inherit; font-stretch: inherit; font-size: 14px; line-height: 21px; font-family: Arial; vertical-align: baseline; color: rgb(51, 51, 51);\">Nói về sự vắng mặt của Messi có ảnh hưởng tới kết quả thi đấu của Barca hay không, Koeman cho biết: \"Bạn không thể nói Barca chơi tốt hơn nếu không có Messi.Nhưng nhìn chung, Barca đã chơi tốt. Những sai lầm cá nhân đã khiến Barca mất điểm.</p><p style=\"margin-right: 0px; margin-bottom: 15px; margin-left: 0px; padding: 0px; border: 0px; font-variant-numeric: inherit; font-variant-east-asian: inherit; font-stretch: inherit; font-size: 14px; line-height: 21px; font-family: Arial; vertical-align: baseline; color: rgb(51, 51, 51);\">Tôi không trách Araujo, vì ai cũng mắc sai lầm. Nhưng rõ ràng chúng tôi phạm nhiều sai lầm cá nhân nên phải trả giá đắt.Chúng tôi xứng đáng giành chiến thắng. Toàn đội đã làm mọi thứ có thể. Tạo ra cơ hội nhưng lại không tận dụng thành công và sau đó lại mắc lỗi phòng ngự...Eibar chỉ có 1 cú sút trúng đích nhưng là đủ để họ có bàn thắng\".</p>', '898c2219be9e074a5f75b1679c2d3f16.jpg', '2020-12-30 08:14:17', NULL, 1, 'Ronald Koeman thừa nhận rằng con đường giành lại La Liga của Barcelona có vẻ \"rất khó khăn\" sau trận hòa đáng tiếc trước Eibar', 'koeman-thua-nhan-cua-vo-dich-cua-barca-da-rat-hep'),
(13, 'Bị cầm hòa ngay trên sân nhà, Barcelona kết thúc năm 2020 đầy thất vọng', 10, '<p style=\"margin: 10px 0px; padding: 0px; color: rgb(51, 51, 51); font-family: roboto; font-size: 14px; text-align: justify;\">Tiếp đón Eibar tại Camp Nou, Barcelona ra sân với chỉ 2 sự thay đổi trong đội hình chính so với trận thắng Valladolid ở vòng đấu trước.</p><p style=\"margin: 10px 0px; padding: 0px; color: rgb(51, 51, 51); font-family: roboto; font-size: 14px; text-align: justify;\">Ngay phút thứ 7, Barcelona được hưởng phạt đền khi trọng tài nhận được tín hiệu từ VAR từ tình huống Araujo bị phạm lỗi trong vòng 16m50 của Eibar.</p><p style=\"margin: 10px 0px; padding: 0px; color: rgb(51, 51, 51); font-family: roboto; font-size: 14px; text-align: justify;\">Cơ hội tới tay Martin Braithwaite nhưng cầu thủ người Đan Mạch lại thực hiện pha đá 11m quá tệ khiến Barcelona không có bàn mở tỷ số.</p><p style=\"margin: 10px 0px; padding: 0px; color: rgb(51, 51, 51); font-family: roboto; font-size: 14px; text-align: justify;\">Đến phút 25, Braithwaite tưởng chừng như sẽ có pha lập công chuộc tội khi đệm bóng cận thành tung lưới thủ môn Marko Dmitrovic sau đường căng ngang chuẩn xác của Firpo. Tuy nhiên, lần này VAR can thiệp và xác nhận bàn thắng được ghi trong tư thế việt vị.</p><p style=\"margin: 10px 0px; padding: 0px; color: rgb(51, 51, 51); font-family: roboto; font-size: 14px; text-align: justify;\">Sang đến hiệp hai, Barca có sự thay đổi nhân sự khi Dembele vào sân thế chỗ Dest.</p><p style=\"margin: 10px 0px; padding: 0px; color: rgb(51, 51, 51); font-family: roboto; font-size: 14px; text-align: justify;\">Phút 50, Barca có pha bật nhả ấn tượng trước khi bóng tới chân Dembele và ngôi sao người Pháp tung ra cú dứt điểm đầy uy lực nhưng vẫn chưa thể có bàn thắng cho đội chủ nhà.</p><p style=\"margin: 10px 0px; padding: 0px; color: rgb(51, 51, 51); font-family: roboto; font-size: 14px; text-align: justify;\">Ít giây sau pha bỏ lỡ của Dembele, đội hình dâng cao của Barcelona chịu bàn thua xuất phát từ sai lầm từ hàng thủ.</p>', 'e52a746d8fa91ed693f4414b76b53114.jpg', '2020-12-30 08:15:20', NULL, 1, 'Barcelona chỉ có được một trận hòa với tỷ số 1-1 trước Eibar tại vòng 16 La Liga qua đó kết thúc năm 2020 với thành tích đáng thất vọng.', 'bi-cam-hoa-ngay-tren-san-nha-barcelona-ket-thuc-nam-2020-day-that-vong'),
(14, 'Caviar mạ vàng nguyên chất chỉ 2 tai nghe AirPods Max, giá hơn 2.5 tỷ đồng', 4, '<p><span style=\"color: rgb(17, 17, 17); font-family: roboto, Helvetica, Arial, sans-serif; font-size: 14px; text-align: justify;\">Caviar cho biết họ chỉ sản xuất đúng 2 chiếc AirPods Max mạ vàng 18 karat, với 2 tùy chọn màu là trắng và đen. Ngoài ra, headband làm từ da cá sấu, digital crown cũng được làm bằng vàng. Giá một chiếc tai nghe này là 108.000 USD (khoảng hơn 2.5 tỷ đồng). Khi bán ra sản phẩm này đựng trong một chiếc hộp cũng được làm riêng.</span></p><p><span style=\"color: rgb(17, 17, 17); font-family: roboto, Helvetica, Arial, sans-serif; font-size: 14px; text-align: justify;\">Cũng theo lời của công ty, thiết kế vàng nguyên chất dường như “trông thanh lịch, nhấn mạnh địa vị của người dùng và gu thẩm mỹ hoàn hảo của họ”, chiếc tai nghe sẽ rất thích hợp cho những người “muốn luôn đứng đầu”.</span><span style=\"color: rgb(17, 17, 17); font-family: roboto, Helvetica, Arial, sans-serif; font-size: 14px; text-align: justify;\"><br></span><br></p>', '5520650bbec6b6d14a093f3ef50642b7.jpg', '2020-12-30 08:22:05', NULL, 1, 'Caviar mới giới thiệu phiên bản AirPods Max mạ vàng nguyên chất độc nhất chỉ có 2 chiếc trên toàn thế giới', 'caviar-ma-vang-nguyen-chat-chi-2-tai-nghe-airpods-max-gia-hon-25-ty-dong'),
(15, 'Anh cấp phép sử dụng khẩn cấp vaccine ngừa Covid-19 của AstraZeneca', 4, '<p><span style=\"color: rgb(33, 37, 41); font-family: Arial; text-align: justify;\">Anh vừa cấp phép sử dụng khẩn cấp vaccine ngừa Covid-19 do tập đoàn dược phẩm AstraZeneca PLC, có trụ sở tại Cambridge (Anh) phối hợp với Đại học Oxford sản xuất, đánh dấu sự phê chuẩn đầu tiên trên thế giới đối với loại vaccine này.</span></p><p style=\"color: rgb(33, 37, 41); font-family: Arial; text-align: justify;\">Theo tuyên bố từ AstraZeneca PLC và chính phủ Anh, vaccine mới sẽ được ưu tiên tiêm chủng cho các nhóm dễ bị tổn thương nhất vào đầu năm 2021. Đây là loại vaccine ngừa Covid-19 thứ hai được phê chuẩn sử dụng khẩn cấp ở Anh, sau vaccine của Pfizer Inc. và BioNTech.</p><p style=\"color: rgb(33, 37, 41); font-family: Arial; text-align: justify;\">Quyết định trên sẽ giúp Anh đẩy mạnh chiến dịch tiêm chủng đại trà và củng cố niềm tin đối với loại vaccine được sản xuất trong nước, vốn phải đối mặt với nhiều câu hỏi liên quan đến một số khác biệt trong kết quả thử nghiệm lâm sàng.</p><p style=\"color: rgb(33, 37, 41); font-family: Arial; text-align: justify;\">Chính phủ Anh đã đặt mua 100 triệu liều vaccine của AstraZeneca Plc. Việc tiêm chủng có thể được triển khai nhanh chóng vì vaccine này dễ vận chuyển và bảo quản hơn so với vaccine của Pfizer/BioNTech. Vaccine mới có thể lưu trữ trong thời gian dài ở nhiệt độ tủ lạnh thông thường. Liều đầu tiên sẽ được tiêm cách liều thứ hai khoảng 12 tuần./.</p><p><br></p>', 'fd5a41b6fb0d7f6f2af5d4cce3cb3f49.jpg', '2020-12-30 08:22:54', NULL, 1, 'VOV.VN - Đây là loại vaccine ngừa Covid-19 thứ hai được phê chuẩn sử dụng khẩn cấp ở Anh, sau vaccine của Pfizer Inc. and BioNTech.', 'anh-cap-phep-su-dung-khan-cap-vaccine-ngua-covid-19-cua-astrazeneca');
INSERT INTO `tintuc` (`MaTinTuc`, `TieuDe`, `MaTL`, `NoiDung`, `Anh`, `NgayDang`, `NgayCapNhat`, `IsActivate`, `MoTa`, `url`) VALUES
(16, 'Sử dụng mạng xã hội thông minh sẽ giúp bạn an toàn', 4, '<h1 class=\"post-title\" style=\"padding: 0px; margin-top: 0px; margin-bottom: 0px; color: rgb(29, 29, 29); font-variant-numeric: normal; font-variant-east-asian: normal; font-stretch: normal; font-size: 36px; line-height: 40px; font-family: Roboto-Bold, sans-serif;\">Sử dụng mạng xã hội thông minh sẽ giúp bạn an toàn</h1><h4 class=\"post-publishdate\" style=\"padding: 0px; margin-top: 15px; color: rgb(119, 119, 119); text-transform: uppercase; font-variant-numeric: normal; font-variant-east-asian: normal; font-stretch: normal; font-size: 13px; line-height: normal; font-family: Roboto-Medium, sans-serif; float: left;\"><a class=\"post-author\" href=\"https://thoidai.com.vn/search_enginer.html?p=tim-kiem&amp;q=Linh%20San&amp;s_cond=3\" style=\"padding: 0px; margin: 0px; text-transform: none; color: rgb(0, 0, 0);\">Linh San</a>&nbsp;<span class=\"post-author-2\" style=\"padding: 0px; margin: 0px; text-transform: none;\">đăng lúc</span>&nbsp;<span class=\"date\" style=\"padding: 0px; margin: 0px;\">30/12/2020 14:49</span>&nbsp;<span class=\"separate\" style=\"padding: 0px; margin: 0px; vertical-align: 1px;\">|&nbsp;</span><a class=\"post-cat\" href=\"https://thoidai.com.vn/nhan-quyen/hoi-tho-cuoc-song\" style=\"padding: 0px; margin: 0px; color: rgb(171, 30, 36);\">HƠI THỞ CUỘC SỐNG</a></h4><div class=\"post-social fw lt clearfix\" style=\"padding: 0px; margin: 0px; float: left; width: 730px; color: rgb(34, 34, 34); font-family: Roboto, sans-serif; font-size: 14px;\"><div class=\"fb-like lt fb_iframe_widget\" data-href=\"https://thoidai.com.vn/su-dung-mang-xa-hoi-thong-minh-se-giup-ban-an-toan-127516.html\" data-layout=\"button_count\" data-action=\"like\" data-size=\"small\" data-show-faces=\"false\" data-share=\"true\" fb-xfbml-state=\"rendered\" fb-iframe-plugin-query=\"action=like&amp;app_id=430169401059835&amp;container_width=0&amp;href=https%3A%2F%2Fthoidai.com.vn%2Fsu-dung-mang-xa-hoi-thong-minh-se-giup-ban-an-toan-127516.html&amp;layout=button_count&amp;locale=vi_VN&amp;sdk=joey&amp;share=true&amp;show_faces=false&amp;size=small\" style=\"padding: 0px; margin: 0px 10px 0px 0px; float: left; display: inline-block; position: relative;\"><span style=\"padding: 0px; margin: 0px; display: inline-block; position: relative; text-align: justify; width: 150px; vertical-align: bottom; height: 28px;\"><iframe name=\"f6f21b7c47167c\" width=\"1000px\" height=\"1000px\" data-testid=\"fb:like Facebook Social Plugin\" title=\"fb:like Facebook Social Plugin\" frameborder=\"0\" allowtransparency=\"true\" allowfullscreen=\"true\" scrolling=\"no\" allow=\"encrypted-media\" src=\"https://www.facebook.com/v7.0/plugins/like.php?action=like&amp;app_id=430169401059835&amp;channel=https%3A%2F%2Fstaticxx.facebook.com%2Fx%2Fconnect%2Fxd_arbiter%2F%3Fversion%3D46%23cb%3Df37be9287d9d14%26domain%3Dthoidai.com.vn%26origin%3Dhttps%253A%252F%252Fthoidai.com.vn%252Ff37c4bdb27d7184%26relation%3Dparent.parent&amp;container_width=0&amp;href=https%3A%2F%2Fthoidai.com.vn%2Fsu-dung-mang-xa-hoi-thong-minh-se-giup-ban-an-toan-127516.html&amp;layout=button_count&amp;locale=vi_VN&amp;sdk=joey&amp;share=true&amp;show_faces=false&amp;size=small\" class=\"\" style=\"padding: 0px; margin: 0px; position: absolute; width: 150px; border-width: initial; border-style: none; visibility: visible; height: 28px;\"></iframe></span></div><div class=\"zalo-share-button lt\" data-href=\"\" data-oaid=\"3039320484207801067\" data-layout=\"1\" data-color=\"blue\" data-customize=\"false\" style=\"padding: 0px; margin: 1px 10px 0px 0px; float: left; overflow: hidden; display: inline-block; width: 70px; height: 20px;\"><iframe frameborder=\"0\" allowfullscreen=\"\" scrolling=\"no\" width=\"70px\" height=\"20px\" src=\"https://sp.zalo.me/plugins/share?dev=null&amp;color=blue&amp;oaid=3039320484207801067&amp;href=https%3A%2F%2Fthoidai.com.vn%2Fsu-dung-mang-xa-hoi-thong-minh-se-giup-ban-an-toan-127516.html&amp;layout=1&amp;customize=false&amp;callback=null&amp;id=0233cfa4-9b2d-430f-afc8-b85ed4c23892&amp;domain=thoidai.com.vn&amp;android=false&amp;ios=false\" style=\"padding: 0px; margin: 0px;\"></iframe></div><div class=\"lt\" style=\"padding: 0px; margin: 1px 10px 0px 0px; float: left;\"><iframe id=\"twitter-widget-0\" scrolling=\"no\" frameborder=\"0\" allowtransparency=\"true\" allowfullscreen=\"true\" class=\"twitter-share-button twitter-share-button-rendered twitter-tweet-button\" title=\"Twitter Tweet Button\" src=\"https://platform.twitter.com/widgets/tweet_button.96fd96193cc66c3e11d4c5e4c7c7ec97.vi.html#dnt=false&amp;id=twitter-widget-0&amp;lang=vi&amp;original_referer=https%3A%2F%2Fthoidai.com.vn%2Fsu-dung-mang-xa-hoi-thong-minh-se-giup-ban-an-toan-127516.html&amp;size=m&amp;text=S%E1%BB%AD%20d%E1%BB%A5ng%20m%E1%BA%A1ng%20x%C3%A3%20h%E1%BB%99i%20th%C3%B4ng%20minh%20s%E1%BA%BD%20gi%C3%BAp%20b%E1%BA%A1n%20an%20to%C3%A0n%20%7C%20Th%E1%BB%9Di%20%C4%90%E1%BA%A1i&amp;time=1609316581691&amp;type=share&amp;url=https%3A%2F%2Fthoidai.com.vn%2Fsu-dung-mang-xa-hoi-thong-minh-se-giup-ban-an-toan-127516.html\" style=\"padding: 0px; margin: 0px; display: inline-block; position: static; visibility: visible; width: 60px; height: 20px; vertical-align: -5px !important;\"></iframe></div><a class=\"post-mail email-button lt\" href=\"https://mail.google.com/mail/u/0/?view=cm&amp;su=S%E1%BB%AD%20d%E1%BB%A5ng%20m%E1%BA%A1ng%20x%C3%A3%20h%E1%BB%99i%20th%C3%B4ng%20minh%20s%E1%BA%BD%20gi%C3%BAp%20b%E1%BA%A1n%20an%20to%C3%A0n&amp;to&amp;body=https://thoidai.com.vn/su-dung-mang-xa-hoi-thong-minh-se-giup-ban-an-toan-127516.html&amp;fs=1&amp;tf=1\" target=\"_blank\" title=\"Email\" rel=\"nofollow\" style=\"padding: 0px; margin: 1px 10px 0px 0px; float: left; height: 20px;\"><img src=\"https://thoidai.com.vn/modules/frontend/themes/thoidai/images/ico-mail.png?v=2.620201225093800\" alt=\"Email\" style=\"padding: 0px; margin: 0px; max-width: 100%;\"></a><a class=\"post-print lt\" href=\"https://thoidai.com.vn/apicenter@/print_article&amp;i=127516\" target=\"_blank\" title=\"Print\" rel=\"nofollow\" style=\"padding: 2px 0px 0px; margin: 1px 0px 0px; float: left; height: 20px; width: 26px; text-align: center; background: rgb(218, 218, 218); border-radius: 3px;\"><img src=\"https://thoidai.com.vn/modules/frontend/themes/thoidai/images/ico-print.png?v=2.620201225093800\" alt=\"In bài viết\" style=\"padding: 0px; margin: 0px; max-width: 100%;\"></a></div><div class=\"post-content fw lt clearfix\" style=\"padding: 0px; margin: 5px 0px 0px; float: left; width: 730px; position: relative; color: rgb(34, 34, 34); font-family: Roboto, sans-serif; font-size: 14px;\"><div class=\"post-body fw lt\" style=\"padding: 0px; margin: 0px; float: left; width: 730px;\"><div class=\"post-sapo fw lt clearfix\" style=\"padding: 0px; margin: 0px 0px 20px; float: left; width: 730px; color: rgb(40, 43, 45); font-variant-numeric: normal; font-variant-east-asian: normal; font-weight: 700; font-stretch: normal; font-size: 17px; line-height: 24px; font-family: &quot;Times New Roman&quot;, sans-serif;\">Công nghệ thông tin đã trở thành một phần thiết yếu của xã hội. Vì vậy, rèn thói quen sử dụng Internet an toàn là điều vô cùng cần thiết đối với mọi người. Có 5 cách để thực hành điều đó.</div><div class=\"banner _MB_ADS_POST_MIDDLE banner-article-detail clearfix\" style=\"padding: 0px; margin: 0px 0px 20px; width: 730px; float: left; text-align: center;\"><ins class=\"adsbygoogle\" data-ad-client=\"ca-pub-8266825240523898\" data-ad-slot=\"9040261123\" data-ad-format=\"auto\" data-full-width-responsive=\"true\" data-adsbygoogle-status=\"done\" style=\"padding: 0px; margin: 0px; display: block; height: 280px;\"><ins id=\"aswift_1_expand\" tabindex=\"0\" title=\"Advertisement\" aria-label=\"Advertisement\" style=\"padding: 0px; margin: 0px; display: inline-table; border: none; height: 280px; position: relative; visibility: visible; width: 730px; background-color: transparent;\"><ins id=\"aswift_1_anchor\" style=\"padding: 0px; margin: 0px; display: block; border: none; height: 280px; position: relative; visibility: visible; width: 730px; background-color: transparent; overflow: visible;\"><iframe id=\"aswift_1\" name=\"aswift_1\" sandbox=\"allow-forms allow-popups allow-popups-to-escape-sandbox allow-same-origin allow-scripts allow-top-navigation-by-user-activation\" width=\"730\" height=\"280\" frameborder=\"0\" src=\"https://googleads.g.doubleclick.net/pagead/ads?guci=2.2.0.0.2.2.0.0&amp;client=ca-pub-8266825240523898&amp;output=html&amp;h=280&amp;slotname=9040261123&amp;adk=1265347428&amp;adf=1808306522&amp;pi=t.ma~as.9040261123&amp;w=730&amp;fwrn=4&amp;fwrnh=100&amp;lmt=1609316581&amp;rafmt=1&amp;psa=1&amp;format=730x280&amp;url=https%3A%2F%2Fthoidai.com.vn%2Fsu-dung-mang-xa-hoi-thong-minh-se-giup-ban-an-toan-127516.html&amp;flash=0&amp;fwr=0&amp;fwrattr=true&amp;rpe=1&amp;resp_fmts=3&amp;wgl=1&amp;tt_state=W3siaXNzdWVyT3JpZ2luIjoiaHR0cHM6Ly9hZHNlcnZpY2UuZ29vZ2xlLmNvbSIsInN0YXRlIjowfSx7Imlzc3Vlck9yaWdpbiI6Imh0dHBzOi8vYXR0ZXN0YXRpb24uYW5kcm9pZC5jb20iLCJzdGF0ZSI6MH1d&amp;dt=1609316580959&amp;bpp=6&amp;bdt=351&amp;idt=452&amp;shv=r20201203&amp;cbv=r20190131&amp;ptt=9&amp;saldr=aa&amp;abxe=1&amp;cookie=ID%3D02675769cb76fcd4%3AT%3D1599825399%3AS%3DALNI_MYU-yFaVEPVQAKmfIJWb4UGMEoBGg&amp;prev_fmts=0x0&amp;nras=1&amp;correlator=3151916459547&amp;frm=20&amp;pv=1&amp;ga_vid=774664443.1599825395&amp;ga_sid=1609316581&amp;ga_hid=1439571320&amp;ga_fc=0&amp;u_tz=420&amp;u_his=1&amp;u_java=0&amp;u_h=864&amp;u_w=1536&amp;u_ah=864&amp;u_aw=1474&amp;u_cd=24&amp;u_nplug=1&amp;u_nmime=2&amp;adx=180&amp;ady=643&amp;biw=1458&amp;bih=738&amp;scr_x=0&amp;scr_y=0&amp;oid=3&amp;pvsid=1034815993829539&amp;pem=257&amp;ref=https%3A%2F%2Fbaomoi.com%2Fsu-dung-mang-xa-hoi-thong-minh-se-giup-ban-an-toan%2Fr%2F37498237.epi&amp;rx=0&amp;eae=0&amp;fc=1920&amp;brdim=0%2C0%2C0%2C0%2C1474%2C0%2C1474%2C864%2C1474%2C738&amp;vis=1&amp;rsz=%7C%7ClEe%7C&amp;abl=CS&amp;pfx=0&amp;fu=8320&amp;bc=31&amp;ifi=1&amp;uci=a!1&amp;fsb=1&amp;xpc=07xBdOUWeg&amp;p=https%3A//thoidai.com.vn&amp;dtd=459\" marginwidth=\"0\" marginheight=\"0\" vspace=\"0\" hspace=\"0\" allowtransparency=\"true\" scrolling=\"no\" allowfullscreen=\"true\" data-google-container-id=\"a!1\" data-google-query-id=\"CKT0zrmj9e0CFYuRlgodb1QILw\" data-load-complete=\"true\" style=\"padding: 0px; margin: 0px; left: 0px; position: absolute; top: 0px; border-width: 0px; border-style: initial; width: 730px; height: 280px;\"></iframe></ins></ins></ins></div><div itemprop=\"articleBody\" class=\"__MASTERCMS_CONTENT __MB_CONTENT_FOR_PRINTER mb-10 fw lt clearfix\" style=\"padding: 0px; margin: 0px 0px 10px; float: left; width: 730px; color: rgb(0, 0, 0); font-variant-numeric: normal; font-variant-east-asian: normal; font-stretch: normal; font-size: 16px; line-height: 24px; font-family: &quot;Times New Roman&quot;, sans-serif;\"><div class=\"tpl_CMS_ARTICLE_EMBED \" style=\"padding: 0px; margin: 0px; width: 730px;\"><div class=\"tpl-article tpl-article-thumb-small\" style=\"padding: 0px 10px 0px 0px; margin: 0px 0px 15px; clear: both; width: 730px; background: rgb(239, 249, 255);\"><a class=\"tpl-article-thumb\" href=\"https://thoidai.com.vn/lam-gi-de-bao-mat-cac-thiet-bi-co-ket-noi-internet-127491.html\" style=\"padding: 0px; margin: 0px 15px 0px 0px; width: 100px; float: left; position: relative; overflow: hidden; color: rgb(0, 0, 255);\"><img alt=\"Làm gì để bảo mật các thiết bị có kết nối Internet?\" src=\"https://thoidai.com.vn/stores/news_dataimages/nhan.nguyen/122020/30/10/thumbnail/4111_B6.jpg?rt=20201230104113\" title=\"Làm gì để bảo mật các thiết bị có kết nối Internet?\" width=\"100\" style=\"padding: 0px; margin: 0px; max-width: 100%; position: absolute; top: 0px; width: 100px; min-height: 100%; object-fit: cover;\"></a><a class=\"tpl-article-link\" href=\"https://thoidai.com.vn/lam-gi-de-bao-mat-cac-thiet-bi-co-ket-noi-internet-127491.html\" style=\"padding: 0px; margin: 5px 0px 0px; font-variant-numeric: normal; font-variant-east-asian: normal; font-weight: 700; font-stretch: normal; font-size: 13px; line-height: 1.3; font-family: Arial; display: -webkit-box; color: rgb(0, 0, 255); -webkit-line-clamp: 3; -webkit-box-orient: vertical; overflow: hidden; text-overflow: ellipsis;\">Làm gì để bảo mật các thiết bị có kết nối Internet?</a></div><div class=\"tpl-article tpl-article-thumb-small\" style=\"padding: 0px 10px 0px 0px; margin: 0px 0px 15px; clear: both; width: 730px; background: rgb(239, 249, 255);\"><a class=\"tpl-article-thumb\" href=\"https://thoidai.com.vn/lam-the-nao-de-ngan-chan-cac-ung-dung-theo-doi-tren-facebook-127355.html\" style=\"padding: 0px; margin: 0px 15px 0px 0px; width: 100px; float: left; position: relative; overflow: hidden; color: rgb(0, 0, 255);\"><img alt=\"Làm thế nào để ngăn chặn các ứng dụng theo dõi trên Facebook?\" src=\"https://thoidai.com.vn/stores/news_dataimages/nhan.nguyen/122020/29/10/thumbnail/0959_T2.jpg?rt=20201229101001\" title=\"Làm thế nào để ngăn chặn các ứng dụng theo dõi trên Facebook?\" width=\"100\" style=\"padding: 0px; margin: 0px; max-width: 100%; position: absolute; top: 0px; width: 100px; min-height: 100%; object-fit: cover;\"></a><a class=\"tpl-article-link\" href=\"https://thoidai.com.vn/lam-the-nao-de-ngan-chan-cac-ung-dung-theo-doi-tren-facebook-127355.html\" style=\"padding: 0px; margin: 5px 0px 0px; font-variant-numeric: normal; font-variant-east-asian: normal; font-weight: 700; font-stretch: normal; font-size: 13px; line-height: 1.3; font-family: Arial; display: -webkit-box; color: rgb(0, 0, 255); -webkit-line-clamp: 3; -webkit-box-orient: vertical; overflow: hidden; text-overflow: ellipsis;\">Làm thế nào để ngăn chặn các ứng dụng theo dõi trên Facebook?</a></div></div><table class=\"MASTERCMS_TPL_TABLE\" style=\"padding: 5px; margin: 5px 0px 8px; vertical-align: top; line-height: 14px; background: none 0px 0px repeat scroll; font-size: 12px; width: 729.6px; max-width: 100%;\"><tbody style=\"padding: 0px; margin: 0px;\"><tr style=\"padding: 0px; margin: 0px;\"><td style=\"padding: 0px; margin: 0px;\"><img src=\"https://thoidai.com.vn/stores/news_dataimages/nhan.nguyen/122020/30/14/in_article/3907_b12-2.jpg?rt=20201230143909\" data-src=\"https://thoidai.com.vn/stores/news_dataimages/nhan.nguyen/122020/30/14/in_article/3907_b12-2.jpg?rt=20201230143909\" class=\"__img_mastercms mastercms_lazyload\" alt=\"Sử dụng mạng xã hội thông minh sẽ giúp bạn an toàn\" title=\"Sử dụng mạng xã hội thông minh sẽ giúp bạn an toàn\" style=\"padding: 0px; margin: 0px; max-width: 100%; overflow: hidden; width: 729.6px; height: auto !important;\"></td></tr><tr style=\"padding: 0px; margin: 0px;\"><td style=\"margin: 0px; background-color: rgb(248, 248, 248); color: rgb(85, 85, 85); font-variant-numeric: normal; font-variant-east-asian: normal; font-stretch: normal; line-height: 18px; font-family: Arial;\">Người dùng Internet cần tăng cường bảo mật thông tin cá nhân.</td></tr></tbody></table><p style=\"padding: 0px; margin: 14.6px 0px 20px; line-height: 25px; font-size: 17px;\"><strong style=\"padding: 0px; margin: 0px;\">Hiểu biết về những rủi ro</strong></p><p style=\"padding: 0px; margin: 14.6px 0px 20px; line-height: 25px; font-size: 17px;\">Đầu tiên hãy nhận thức được những rủi ro và hiểu rằng tất cả mọi người đều có thể trở thành mục tiêu bị tấn công. Internet xuất hiện trong hầu hết các hoạt động thường ngày của chúng ta, nhưng bên cạnh những mặt tích cực, Internet đang bị các phần tử xấu lợi dụng nhằm đánh cắp thông tin nhạy cảm, dữ liệu, tiền bạc...</p><p style=\"padding: 0px; margin: 14.6px 0px 20px; line-height: 25px; font-size: 17px;\">Vì vậy, người dùng Internet, trước tiên cần hiểu lợi ích cũng như những rủi ro đến từ Internet. Trên thực tế, tội phạm sử dụng ngày càng nhiều các công nghệ tiên tiến và tinh vi để đánh cắp thông tin. Mặc dù khó chống đỡ khi bị nhắm mục tiêu, nhưng người dùng có thể đề phòng hoặc hạn chế quy mô tấn công của tin tặc bằng cách nhận thức và giải quyết được các lỗ hổng bảo mật trong thiết bị và phần mềm chúng ta sử dụng.</p><p style=\"padding: 0px; margin: 14.6px 0px 20px; line-height: 25px; font-size: 17px;\"><strong style=\"padding: 0px; margin: 0px;\">Nâng cao cảnh giác</strong></p><p style=\"padding: 0px; margin: 14.6px 0px 20px; line-height: 25px; font-size: 17px;\">Các kỹ thuật lừa đảo thông tin được thiết kế để gửi thông qua các email độc hại, các trang web hoặc tin nhắn văn bản thường rất đáng tin, chúng có giao diện giống thông điệp của các email hoặc trang web thật. Thói quen sử dụng Internet an toàn là luôn nâng cao cảnh giác, không lập tức tin vào các tin nhắn nhận được, cần đề phòng tất cả những liên kết hay tập tin đính kèm.</p><p style=\"padding: 0px; margin: 14.6px 0px 20px; line-height: 25px; font-size: 17px;\">Người dùng nên rèn thói quen không click vào bất kỳ tin nhắn nào đến bất ngờ và không rõ nguồn gốc, vì tin tặc đôi khi chỉ cần một cú click chuột. Hãy kiểm tra xem tin nhắn và người gửi có phải là tin hoặc người mà mình đang chờ đợi không. Nếu không thì bỏ qua và không cần xem thử.</p></div></div></div>', '5d98104dfe61c835153821bc18130f45.jpg', '2020-12-30 08:24:01', NULL, 1, 'Công nghệ thông tin đã trở thành một phần thiết yếu của xã hội. Vì vậy, rèn thói quen sử dụng Internet an toàn là điều vô cùng cần thiết đối với mọi người. Có 5 cách để thực hành điều đó.', 'su-dung-mang-xa-hoi-thong-minh-se-giup-ban-an-toan'),
(17, 'Con gái CEO Huawei làm người mẫu ảnh', 5, '<p><span style=\"color: rgb(51, 51, 51); font-size: 15.84px;\">Từ bé, Annabel đã nhạy ống kính và tạo dáng rất chuyên nghiệp. Cô hiện là gương mặt được nhiều hãng thời trang quốc tế yêu thích. Tủ đồ của ái nữ công nghệ khiến phái đẹp trầm trồ với hàng loạt item đắt đỏ đến từ Dior, Louis Vuitton, Chanel, Saint Laurent...</span></p><p><span style=\"color: rgb(51, 51, 51); font-size: 15.84px;\">Theo đuổi phong cách sang chảnh, thanh lịch nhưng đôi lúc Annabel tạo điểm nhấn bằng các phụ kiện cá tính. Cô là thỏi nam châm thu hút truyền thông mỗi khi xuất hiện trên hàng ghế đầu các show thời trang. Hồi đầu tháng, cô tham gia một sự kiện do Dior tổ chức tại Trung Quốc.</span></p><p><span style=\"color: rgb(51, 51, 51); font-size: 15.84px;\">Đời thường, Annabel lăng xê áo trễ vai hoặc sơ mi lụa. Cô thường xuyên mix kiểu áo này với quần shorts, quần ống rộng, chân váy... Người đẹp từng tiết lộ yêu thích trang phục đơn sắc, nhất là sắc trắng.</span><span style=\"color: rgb(51, 51, 51); font-size: 15.84px;\"><br></span><span style=\"color: rgb(51, 51, 51); font-size: 15.84px;\"><br></span><br></p>', 'e88c961b787b51c9054984786405c21d.jpg', '2020-12-30 08:30:13', NULL, 1, 'Ái nữ của ông chủ tập đoàn công nghệ Huawei thể hiện thần thái lạnh lùng trên trang bìa tạp chí.', 'con-gai-ceo-huawei-lam-nguoi-mau-anh'),
(18, 'Kaity Nguyễn bị đạo diễn nhắc giảm cân', 5, '<p style=\"text-rendering: geometricprecision; outline: 0px; -webkit-font-smoothing: antialiased; margin-right: 0px; margin-bottom: 18px; margin-left: 0px; padding: 0px; border: 0px; font-size: 17.6px; vertical-align: baseline; background-image: initial; background-position: initial; background-size: initial; background-repeat: initial; background-attachment: initial; background-origin: initial; background-clip: initial; text-size-adjust: 100%; float: none; width: 660px; color: rgb(51, 51, 51); font-family: &quot;Noto Serif&quot;, serif;\">Ngày 29/12, đoàn phim&nbsp;<em style=\"text-rendering: geometricprecision; outline: 0px; -webkit-font-smoothing: antialiased; margin: 0px; padding: 0px; border: 0px; vertical-align: baseline; background: transparent; text-size-adjust: 100%;\">Gái già lắm chiêu 5: Những cuộc đời vương giả</em>&nbsp;đã tổ chức buổi showcase tại TP.HCM với sự tham gia của dàn diễn viên như NSND Lê Khanh, Kaity Nguyễn, Khương Lê, Jun Vũ, Lê Khánh...</p><p style=\"text-rendering: geometricprecision; outline: 0px; -webkit-font-smoothing: antialiased; margin: 18px 0px; padding: 0px; border: 0px; font-size: 17.6px; vertical-align: baseline; background-image: initial; background-position: initial; background-size: initial; background-repeat: initial; background-attachment: initial; background-origin: initial; background-clip: initial; text-size-adjust: 100%; color: rgb(51, 51, 51); font-family: &quot;Noto Serif&quot;, serif;\">Kaity Nguyễn thường làm chung ê-kíp với đạo diễn Charlie Nguyễn, diễn viên Thái Hòa. Đây là lần đầu cô hợp tác với Bảo Nhân và Nam Cito. Nói về bộ đôi đạo diễn, Kaity cho hay: \"Lần đầu gặp hai anh tôi rất sợ. Hai người không cười, lại đặt ra nhiều câu hỏi khó. Mới gặp, anh đã hỏi tôi nặng bao nhiêu ký và khuyên tôi nên giảm cân. Khi làm việc, thỉnh thoảng tôi vẫn bị hai anh la. Nhưng nhờ bị la, tôi mới tỉnh ra được, học hỏi được nhiều điều\".</p>', '98c407644c6da4cc8c4da76df7de9ff4.jpg', '2020-12-30 08:32:54', NULL, 1, 'Nữ diễn viên thú nhận lần đầu gặp bộ đôi đạo diễn Bảo Nhân và Nam Cito, cô bị run. \"Tôi chưa gặp ai khó tính, đòi hỏi cao về ngoại hình như hai anh\", Kaity Nguyễn nói.', 'kaity-nguyen-bi-dao-dien-nhac-giam-can'),
(19, 'Bồ cũ Miley Cyrus khoe bạn gái mới', 5, '<p style=\"margin-right: 0px; margin-bottom: 15px; margin-left: 0px; padding: 0px; border: 0px; font-variant-numeric: inherit; font-variant-east-asian: inherit; font-stretch: inherit; font-size: 14px; line-height: 21px; font-family: Arial; vertical-align: baseline; color: rgb(51, 51, 51);\">Mẹ của Cody Simpson cũng đăng bức ảnh tương tự trên Instagram cùng chùm ảnh gia đình quây quần dịp Giáng sinh. Cody đã đưa người yêu về giới thiệu và nghỉ lễ cùng gia đình anh.</p><p style=\"margin-right: 0px; margin-bottom: 15px; margin-left: 0px; padding: 0px; border: 0px; font-variant-numeric: inherit; font-variant-east-asian: inherit; font-stretch: inherit; font-size: 14px; line-height: 21px; font-family: Arial; vertical-align: baseline; color: rgb(51, 51, 51);\">Nam ca sĩ 23 tuổi và người đẹp này từng được trông thấy quấn quýt bên nhau trên đường phố vào đầu tháng 11. Tuy nhiên, khi đó paparazzi chưa xác định được danh tính của cô gái. Gần đây giới thạo tin mới biết được bạn gái mới của Cody là người mẫu Marloes Stevens.</p><p style=\"margin-right: 0px; margin-bottom: 15px; margin-left: 0px; padding: 0px; border: 0px; font-variant-numeric: inherit; font-variant-east-asian: inherit; font-stretch: inherit; font-size: 14px; line-height: 21px; font-family: Arial; vertical-align: baseline; color: rgb(51, 51, 51);\">Marloes Stevens năm nay 28 tuổi, là người Los Angeles. Cô gia nhập làng mẫu năm 2015, ký hợp đồng với công ty người mẫu NTA Models trụ sở tại Los Angeles và Elite Models ở New York. Tuy nhiên Marloes không phải là gương mặt nổi bật trong giới người mẫu Mỹ.</p><p style=\"margin-right: 0px; margin-bottom: 15px; margin-left: 0px; padding: 0px; border: 0px; font-variant-numeric: inherit; font-variant-east-asian: inherit; font-stretch: inherit; font-size: 14px; line-height: 21px; font-family: Arial; vertical-align: baseline; color: rgb(51, 51, 51);\">Cody Simpson kết thúc mối quan hệ với ca sĩ Miley Cyrus vào tháng 8 năm nay sau gần một năm hẹn hò. Cody và Miley từng đăng rất nhiều ảnh tình tứ trên Instagram và gắn bó khăng khít suốt mùa dịch khiến nhiều người tin rằng tình cảm của họ ngày càng sâu đậm hơn. Tuy nhiên khi mùa hè kết thúc, cặp sao mỗi người một ngả. Miley khẳng định họ đã chia tay một cách nhẹ nhàng và vẫn giữ tình bạn.</p>', '50870dd838822b68c47be6e5b211a515.jpg', '2020-12-30 08:34:03', NULL, 1, 'Ca sĩ Cody Simpson chia sẻ bức ảnh ôm người mẫu Marloes Stevens trên Instagram sau bốn tháng chia tay Miley Cyrus', 'bo-cu-miley-cyrus-khoe-ban-gai-moi');

-- --------------------------------------------------------

--
-- Cấu trúc bảng cho bảng `users`
--

CREATE TABLE `users` (
  `id` int(11) NOT NULL,
  `username` varchar(30) NOT NULL,
  `password` varchar(30) NOT NULL,
  `name` varchar(255) NOT NULL,
  `IsActivate` int(1) DEFAULT NULL
) ENGINE=InnoDB DEFAULT CHARSET=utf8;

--
-- Đang đổ dữ liệu cho bảng `users`
--

INSERT INTO `users` (`id`, `username`, `password`, `name`, `IsActivate`) VALUES
(1, 'admin', 'admin', 'Tớ là admin', 1),
(2, 'admin1', 'admin', 'Tớ cũng là Admin', 1);

--
-- Chỉ mục cho các bảng đã đổ
--

--
-- Chỉ mục cho bảng `theloai`
--
ALTER TABLE `theloai`
  ADD PRIMARY KEY (`MaTL`);

--
-- Chỉ mục cho bảng `tintuc`
--
ALTER TABLE `tintuc`
  ADD PRIMARY KEY (`MaTinTuc`),
  ADD KEY `MaTL` (`MaTL`);

--
-- Chỉ mục cho bảng `users`
--
ALTER TABLE `users`
  ADD PRIMARY KEY (`id`);

--
-- AUTO_INCREMENT cho các bảng đã đổ
--

--
-- AUTO_INCREMENT cho bảng `theloai`
--
ALTER TABLE `theloai`
  MODIFY `MaTL` int(10) NOT NULL AUTO_INCREMENT, AUTO_INCREMENT=11;

--
-- AUTO_INCREMENT cho bảng `tintuc`
--
ALTER TABLE `tintuc`
  MODIFY `MaTinTuc` int(11) NOT NULL AUTO_INCREMENT, AUTO_INCREMENT=20;

--
-- AUTO_INCREMENT cho bảng `users`
--
ALTER TABLE `users`
  MODIFY `id` int(11) NOT NULL AUTO_INCREMENT, AUTO_INCREMENT=3;
COMMIT;

/*!40101 SET CHARACTER_SET_CLIENT=@OLD_CHARACTER_SET_CLIENT */;
/*!40101 SET CHARACTER_SET_RESULTS=@OLD_CHARACTER_SET_RESULTS */;
/*!40101 SET COLLATION_CONNECTION=@OLD_COLLATION_CONNECTION */;
